[
  {
    "countryRef": "/countries/CO",
    "createdAt": null,
    "isActive": true,
    "name": "Amazonas",
    "nameAscii": "Amazonas",
    "nameLower": "amazonas",
    "regionCode": "CO-AMA",
    "slug": "amazonas",
    "type": "region",
    "updatedAt": null
  },
  {
    "countryRef": "/countries/CO",
    "createdAt": null,
    "isActive": true,
    "name": "Antioquia",
    "nameAscii": "Antioquia",
    "nameLower": "antioquia",
    "regionCode": "CO-ANT",
    "slug": "antioquia",
    "type": "region",
    "updatedAt": null
  },
  {
    "countryRef": "/countries/CO",
    "createdAt": null,
    "isActive": true,
    "name": "Arauca",
    "nameAscii": "Arauca",
    "nameLower": "arauca",
    "regionCode": "CO-ARA",
    "slug": "arauca",
    "type": "region",
    "updatedAt": null
  },
  {
    "countryRef": "/countries/CO",
    "createdAt": null,
    "isActive": true,
    "name": "Atlántico",
    "nameAscii": "Atlantico",
    "nameLower": "atlántico",
    "regionCode": "CO-ATL",
    "slug": "atlantico",
    "type": "region",
    "updatedAt": null
  },
  {
    "countryRef": "/countries/CO",
    "createdAt": null,
    "isActive": true,
    "name": "Bolívar",
    "nameAscii": "Bolivar",
    "nameLower": "bolívar",
    "regionCode": "CO-BOL",
    "slug": "bolivar",
    "type": "region",
    "updatedAt": null
  },
  {
    "countryRef": "/countries/CO",
    "createdAt": null,
    "isActive": true,
    "name": "Boyacá",
    "nameAscii": "Boyaca",
    "nameLower": "boyacá",
    "regionCode": "CO-BOY",
    "slug": "boyaca",
    "type": "region",
    "updatedAt": null
  },
  {
    "countryRef": "/countries/CO",
    "createdAt": null,
    "isActive": true,
    "name": "Caldas",
    "nameAscii": "Caldas",
    "nameLower": "caldas",
    "regionCode": "CO-CAL",
    "slug": "caldas",
    "type": "region",
    "updatedAt": null
  },
  {
    "countryRef": "/countries/CO",
    "createdAt": null,
    "isActive": true,
    "name": "Caquetá",
    "nameAscii": "Caqueta",
    "nameLower": "caquetá",
    "regionCode": "CO-CAQ",
    "slug": "caqueta",
    "type": "region",
    "updatedAt": null
  },
  {
    "countryRef": "/countries/CO",
    "createdAt": null,
    "isActive": true,
    "name": "Casanare",
    "nameAscii": "Casanare",
    "nameLower": "casanare",
    "regionCode": "CO-CAS",
    "slug": "casanare",
    "type": "region",
    "updatedAt": null
  },
  {
    "countryRef": "/countries/CO",
    "createdAt": null,
    "isActive": true,
    "name": "Cauca",
    "nameAscii": "Cauca",
    "nameLower": "cauca",
    "regionCode": "CO-CAU",
    "slug": "cauca",
    "type": "region",
    "updatedAt": null
  },
  {
    "countryRef": "/countries/CO",
    "createdAt": null,
    "isActive": true,
    "name": "Cesar",
    "nameAscii": "Cesar",
    "nameLower": "cesar",
    "regionCode": "CO-CES",
    "slug": "cesar",
    "type": "region",
    "updatedAt": null
  },
  {
    "countryRef": "/countries/CO",
    "createdAt": null,
    "isActive": true,
    "name": "Chocó",
    "nameAscii": "Choco",
    "nameLower": "chocó",
    "regionCode": "CO-CHO",
    "slug": "choco",
    "type": "region",
    "updatedAt": null
  },
  {
    "countryRef": "/countries/CO",
    "createdAt": null,
    "isActive": true,
    "name": "Córdoba",
    "nameAscii": "Cordoba",
    "nameLower": "córdoba",
    "regionCode": "CO-COR",
    "slug": "cordoba",
    "type": "region",
    "updatedAt": null
  },
  {
    "countryRef": "/countries/CO",
    "createdAt": null,
    "isActive": true,
    "name": "Cundinamarca",
    "nameAscii": "Cundinamarca",
    "nameLower": "cundinamarca",
    "regionCode": "CO-CUN",
    "slug": "cundinamarca",
    "type": "region",
    "updatedAt": null
  },
  {
    "countryRef": "/countries/CO",
    "createdAt": null,
    "isActive": true,
    "name": "Guainía",
    "nameAscii": "Guainia",
    "nameLower": "guainía",
    "regionCode": "CO-GUA",
    "slug": "guainia",
    "type": "region",
    "updatedAt": null
  },
  {
    "countryRef": "/countries/CO",
    "createdAt": null,
    "isActive": true,
    "name": "Guaviare",
    "nameAscii": "Guaviare",
    "nameLower": "guaviare",
    "regionCode": "CO-GUV",
    "slug": "guaviare",
    "type": "region",
    "updatedAt": null
  },
  {
    "countryRef": "/countries/CO",
    "createdAt": null,
    "isActive": true,
    "name": "Huila",
    "nameAscii": "Huila",
    "nameLower": "huila",
    "regionCode": "CO-HUI",
    "slug": "huila",
    "type": "region",
    "updatedAt": null
  },
  {
    "countryRef": "/countries/CO",
    "createdAt": null,
    "isActive": true,
    "name": "La Guajira",
    "nameAscii": "La Guajira",
    "nameLower": "la guajira",
    "regionCode": "CO-LAG",
    "slug": "la-guajira",
    "type": "region",
    "updatedAt": null
  },
  {
    "countryRef": "/countries/CO",
    "createdAt": null,
    "isActive": true,
    "name": "Magdalena",
    "nameAscii": "Magdalena",
    "nameLower": "magdalena",
    "regionCode": "CO-MAG",
    "slug": "magdalena",
    "type": "region",
    "updatedAt": null
  },
  {
    "countryRef": "/countries/CO",
    "createdAt": null,
    "isActive": true,
    "name": "Meta",
    "nameAscii": "Meta",
    "nameLower": "meta",
    "regionCode": "CO-MET",
    "slug": "meta",
    "type": "region",
    "updatedAt": null
  },
  {
    "countryRef": "/countries/CO",
    "createdAt": null,
    "isActive": true,
    "name": "Nariño",
    "nameAscii": "Narino",
    "nameLower": "nariño",
    "regionCode": "CO-NAR",
    "slug": "narino",
    "type": "region",
    "updatedAt": null
  },
  {
    "countryRef": "/countries/CO",
    "createdAt": null,
    "isActive": true,
    "name": "Norte de Santander",
    "nameAscii": "Norte de Santander",
    "nameLower": "norte de santander",
    "regionCode": "CO-NSA",
    "slug": "norte-de-santander",
    "type": "region",
    "updatedAt": null
  },
  {
    "countryRef": "/countries/CO",
    "createdAt": null,
    "isActive": true,
    "name": "Putumayo",
    "nameAscii": "Putumayo",
    "nameLower": "putumayo",
    "regionCode": "CO-PUT",
    "slug": "putumayo",
    "type": "region",
    "updatedAt": null
  },
  {
    "countryRef": "/countries/CO",
    "createdAt": null,
    "isActive": true,
    "name": "Quindío",
    "nameAscii": "Quindio",
    "nameLower": "quindío",
    "regionCode": "CO-QUI",
    "slug": "quindio",
    "type": "region",
    "updatedAt": null
  },
  {
    "countryRef": "/countries/CO",
    "createdAt": null,
    "isActive": true,
    "name": "Risaralda",
    "nameAscii": "Risaralda",
    "nameLower": "risaralda",
    "regionCode": "CO-RIS",
    "slug": "risaralda",
    "type": "region",
    "updatedAt": null
  },
  {
    "countryRef": "/countries/CO",
    "createdAt": null,
    "isActive": true,
    "name": "Santander",
    "nameAscii": "Santander",
    "nameLower": "santander",
    "regionCode": "CO-SAN",
    "slug": "santander",
    "type": "region",
    "updatedAt": null
  },
  {
    "countryRef": "/countries/CO",
    "createdAt": null,
    "isActive": true,
    "name": "San Andrés y Providencia",
    "nameAscii": "San Andres y Providencia",
    "nameLower": "san andrés y providencia",
    "regionCode": "CO-SAP",
    "slug": "san-andres-y-providencia",
    "type": "region",
    "updatedAt": null
  },
  {
    "countryRef": "/countries/CO",
    "createdAt": null,
    "isActive": true,
    "name": "Sucre",
    "nameAscii": "Sucre",
    "nameLower": "sucre",
    "regionCode": "CO-SUC",
    "slug": "sucre",
    "type": "region",
    "updatedAt": null
  },
  {
    "countryRef": "/countries/CO",
    "createdAt": null,
    "isActive": true,
    "name": "Tolima",
    "nameAscii": "Tolima",
    "nameLower": "tolima",
    "regionCode": "CO-TOL",
    "slug": "tolima",
    "type": "region",
    "updatedAt": null
  },
  {
    "countryRef": "/countries/CO",
    "createdAt": null,
    "isActive": true,
    "name": "Valle del Cauca",
    "nameAscii": "Valle del Cauca",
    "nameLower": "valle del cauca",
    "regionCode": "CO-VAC",
    "slug": "valle-del-cauca",
    "type": "region",
    "updatedAt": null
  },
  {
    "countryRef": "/countries/CO",
    "createdAt": null,
    "isActive": true,
    "name": "Vaupés",
    "nameAscii": "Vaupes",
    "nameLower": "vaupés",
    "regionCode": "CO-VAU",
    "slug": "vaupes",
    "type": "region",
    "updatedAt": null
  },
  {
    "countryRef": "/countries/CO",
    "createdAt": null,
    "isActive": true,
    "name": "Vichada",
    "nameAscii": "Vichada",
    "nameLower": "vichada",
    "regionCode": "CO-VID",
    "slug": "vichada",
    "type": "region",
    "updatedAt": null
  }
]